filename,filepath,prob_dog,pred_label,pred_id
1.jpg,datasets_subset\test\1.jpg,6.380921e-17,cat,0
10.jpg,datasets_subset\test\10.jpg,1.0,dog,1
100.jpg,datasets_subset\test\100.jpg,3.2562795e-20,cat,0
101.jpg,datasets_subset\test\101.jpg,1.6609465e-18,cat,0
102.jpg,datasets_subset\test\102.jpg,1.0,dog,1
103.jpg,datasets_subset\test\103.jpg,6.200321e-21,cat,0
104.jpg,datasets_subset\test\104.jpg,1.0,dog,1
105.jpg,datasets_subset\test\105.jpg,1.0,dog,1
106.jpg,datasets_subset\test\106.jpg,1.0,dog,1
107.jpg,datasets_subset\test\107.jpg,8.78447e-22,cat,0
108.jpg,datasets_subset\test\108.jpg,3.353291e-22,cat,0
109.jpg,datasets_subset\test\109.jpg,1.0,dog,1
11.jpg,datasets_subset\test\11.jpg,1.0,dog,1
110.jpg,datasets_subset\test\110.jpg,1.236847e-17,cat,0
111.jpg,datasets_subset\test\111.jpg,5.668813e-19,cat,0
112.jpg,datasets_subset\test\112.jpg,1.0,dog,1
113.jpg,datasets_subset\test\113.jpg,1.0,dog,1
114.jpg,datasets_subset\test\114.jpg,1.0,dog,1
115.jpg,datasets_subset\test\115.jpg,1.0,dog,1
116.jpg,datasets_subset\test\116.jpg,1.0,dog,1
117.jpg,datasets_subset\test\117.jpg,1.0,dog,1
118.jpg,datasets_subset\test\118.jpg,1.0,dog,1
119.jpg,datasets_subset\test\119.jpg,0.99999994,dog,1
12.jpg,datasets_subset\test\12.jpg,2.8317852e-18,cat,0
120.jpg,datasets_subset\test\120.jpg,1.0,dog,1
121.jpg,datasets_subset\test\121.jpg,6.4048417e-18,cat,0
122.jpg,datasets_subset\test\122.jpg,1.0,dog,1
123.jpg,datasets_subset\test\123.jpg,1.0,dog,1
124.jpg,datasets_subset\test\124.jpg,6.9696815e-13,cat,0
125.jpg,datasets_subset\test\125.jpg,4.6287164e-16,cat,0
126.jpg,datasets_subset\test\126.jpg,1.0,dog,1
127.jpg,datasets_subset\test\127.jpg,1.0,dog,1
128.jpg,datasets_subset\test\128.jpg,1.4450301e-22,cat,0
129.jpg,datasets_subset\test\129.jpg,1.0,dog,1
13.jpg,datasets_subset\test\13.jpg,2.401569e-10,cat,0
130.jpg,datasets_subset\test\130.jpg,1.0,dog,1
131.jpg,datasets_subset\test\131.jpg,5.553005e-17,cat,0
132.jpg,datasets_subset\test\132.jpg,2.4870152e-15,cat,0
133.jpg,datasets_subset\test\133.jpg,0.00023408674,cat,0
134.jpg,datasets_subset\test\134.jpg,1.8749083e-10,cat,0
135.jpg,datasets_subset\test\135.jpg,1.0,dog,1
136.jpg,datasets_subset\test\136.jpg,3.7764565e-09,cat,0
137.jpg,datasets_subset\test\137.jpg,1.0,dog,1
138.jpg,datasets_subset\test\138.jpg,1.0,dog,1
139.jpg,datasets_subset\test\139.jpg,3.0756434e-19,cat,0
14.jpg,datasets_subset\test\14.jpg,1.0,dog,1
140.jpg,datasets_subset\test\140.jpg,1.0,dog,1
141.jpg,datasets_subset\test\141.jpg,1.0,dog,1
142.jpg,datasets_subset\test\142.jpg,1.0,dog,1
143.jpg,datasets_subset\test\143.jpg,0.9979801,dog,1
144.jpg,datasets_subset\test\144.jpg,8.152552e-16,cat,0
145.jpg,datasets_subset\test\145.jpg,1.0,dog,1
146.jpg,datasets_subset\test\146.jpg,1.0,dog,1
147.jpg,datasets_subset\test\147.jpg,1.0,dog,1
148.jpg,datasets_subset\test\148.jpg,1.0,dog,1
149.jpg,datasets_subset\test\149.jpg,1.0,dog,1
15.jpg,datasets_subset\test\15.jpg,1.0,dog,1
150.jpg,datasets_subset\test\150.jpg,1.0,dog,1
151.jpg,datasets_subset\test\151.jpg,1.9663389e-09,cat,0
152.jpg,datasets_subset\test\152.jpg,0.9999997,dog,1
153.jpg,datasets_subset\test\153.jpg,1.2440427e-08,cat,0
154.jpg,datasets_subset\test\154.jpg,2.1535746e-13,cat,0
155.jpg,datasets_subset\test\155.jpg,7.581749e-18,cat,0
156.jpg,datasets_subset\test\156.jpg,2.06659e-09,cat,0
157.jpg,datasets_subset\test\157.jpg,1.0,dog,1
158.jpg,datasets_subset\test\158.jpg,4.1107308e-23,cat,0
159.jpg,datasets_subset\test\159.jpg,0.0016312444,cat,0
16.jpg,datasets_subset\test\16.jpg,0.99857527,dog,1
160.jpg,datasets_subset\test\160.jpg,9.754047e-17,cat,0
161.jpg,datasets_subset\test\161.jpg,1.0,dog,1
162.jpg,datasets_subset\test\162.jpg,4.982939e-19,cat,0
163.jpg,datasets_subset\test\163.jpg,1.0,dog,1
164.jpg,datasets_subset\test\164.jpg,1.0,dog,1
165.jpg,datasets_subset\test\165.jpg,1.0,dog,1
166.jpg,datasets_subset\test\166.jpg,2.1381794e-11,cat,0
167.jpg,datasets_subset\test\167.jpg,0.99999994,dog,1
168.jpg,datasets_subset\test\168.jpg,1.0,dog,1
169.jpg,datasets_subset\test\169.jpg,1.274845e-15,cat,0
17.jpg,datasets_subset\test\17.jpg,0.9999996,dog,1
170.jpg,datasets_subset\test\170.jpg,4.615816e-13,cat,0
171.jpg,datasets_subset\test\171.jpg,1.4951782e-21,cat,0
172.jpg,datasets_subset\test\172.jpg,1.0,dog,1
173.jpg,datasets_subset\test\173.jpg,1.0,dog,1
174.jpg,datasets_subset\test\174.jpg,2.1423531e-17,cat,0
175.jpg,datasets_subset\test\175.jpg,1.0,dog,1
176.jpg,datasets_subset\test\176.jpg,1.3283556e-18,cat,0
177.jpg,datasets_subset\test\177.jpg,1.6420054e-15,cat,0
178.jpg,datasets_subset\test\178.jpg,7.708771e-22,cat,0
179.jpg,datasets_subset\test\179.jpg,1.0,dog,1
18.jpg,datasets_subset\test\18.jpg,2.5520802e-15,cat,0
180.jpg,datasets_subset\test\180.jpg,8.465328e-15,cat,0
181.jpg,datasets_subset\test\181.jpg,0.7709156,dog,1
182.jpg,datasets_subset\test\182.jpg,7.8147027e-16,cat,0
183.jpg,datasets_subset\test\183.jpg,1.0,dog,1
184.jpg,datasets_subset\test\184.jpg,3.0206348e-11,cat,0
185.jpg,datasets_subset\test\185.jpg,1.0,dog,1
186.jpg,datasets_subset\test\186.jpg,1.4582728e-19,cat,0
187.jpg,datasets_subset\test\187.jpg,9.823277e-17,cat,0
188.jpg,datasets_subset\test\188.jpg,8.7572716e-10,cat,0
189.jpg,datasets_subset\test\189.jpg,1.0,dog,1
19.jpg,datasets_subset\test\19.jpg,1.0,dog,1
190.jpg,datasets_subset\test\190.jpg,1.0374589e-14,cat,0
191.jpg,datasets_subset\test\191.jpg,1.0,dog,1
192.jpg,datasets_subset\test\192.jpg,1.0,dog,1
193.jpg,datasets_subset\test\193.jpg,1.0,dog,1
194.jpg,datasets_subset\test\194.jpg,5.9534225e-11,cat,0
195.jpg,datasets_subset\test\195.jpg,2.5427229e-22,cat,0
196.jpg,datasets_subset\test\196.jpg,1.0,dog,1
197.jpg,datasets_subset\test\197.jpg,6.5683987e-13,cat,0
198.jpg,datasets_subset\test\198.jpg,5.007096e-21,cat,0
199.jpg,datasets_subset\test\199.jpg,3.395302e-16,cat,0
2.jpg,datasets_subset\test\2.jpg,1.8103098e-08,cat,0
20.jpg,datasets_subset\test\20.jpg,4.2625304e-12,cat,0
200.jpg,datasets_subset\test\200.jpg,3.3246407e-17,cat,0
201.jpg,datasets_subset\test\201.jpg,1.0,dog,1
202.jpg,datasets_subset\test\202.jpg,1.0,dog,1
203.jpg,datasets_subset\test\203.jpg,2.3825421e-15,cat,0
204.jpg,datasets_subset\test\204.jpg,9.154455e-16,cat,0
205.jpg,datasets_subset\test\205.jpg,1.0610469e-18,cat,0
206.jpg,datasets_subset\test\206.jpg,1.0,dog,1
207.jpg,datasets_subset\test\207.jpg,1.0,dog,1
208.jpg,datasets_subset\test\208.jpg,1.0,dog,1
209.jpg,datasets_subset\test\209.jpg,0.999751,dog,1
21.jpg,datasets_subset\test\21.jpg,1.5765709e-18,cat,0
210.jpg,datasets_subset\test\210.jpg,1.8464294e-17,cat,0
211.jpg,datasets_subset\test\211.jpg,1.376729e-10,cat,0
212.jpg,datasets_subset\test\212.jpg,9.129277e-12,cat,0
213.jpg,datasets_subset\test\213.jpg,9.548385e-08,cat,0
214.jpg,datasets_subset\test\214.jpg,1.0,dog,1
215.jpg,datasets_subset\test\215.jpg,0.99999976,dog,1
216.jpg,datasets_subset\test\216.jpg,0.30089602,cat,0
217.jpg,datasets_subset\test\217.jpg,0.99999994,dog,1
218.jpg,datasets_subset\test\218.jpg,1.0,dog,1
219.jpg,datasets_subset\test\219.jpg,1.0,dog,1
22.jpg,datasets_subset\test\22.jpg,5.4833095e-17,cat,0
220.jpg,datasets_subset\test\220.jpg,1.0,dog,1
221.jpg,datasets_subset\test\221.jpg,1.4786802e-18,cat,0
222.jpg,datasets_subset\test\222.jpg,7.285657e-13,cat,0
223.jpg,datasets_subset\test\223.jpg,0.99999994,dog,1
224.jpg,datasets_subset\test\224.jpg,1.0,dog,1
225.jpg,datasets_subset\test\225.jpg,1.0,dog,1
226.jpg,datasets_subset\test\226.jpg,0.9999997,dog,1
227.jpg,datasets_subset\test\227.jpg,1.0,dog,1
228.jpg,datasets_subset\test\228.jpg,1.7974672e-18,cat,0
229.jpg,datasets_subset\test\229.jpg,0.9999994,dog,1
23.jpg,datasets_subset\test\23.jpg,1.0504213e-21,cat,0
230.jpg,datasets_subset\test\230.jpg,1.0,dog,1
231.jpg,datasets_subset\test\231.jpg,0.99999994,dog,1
232.jpg,datasets_subset\test\232.jpg,5.678091e-21,cat,0
233.jpg,datasets_subset\test\233.jpg,1.0,dog,1
234.jpg,datasets_subset\test\234.jpg,2.1276138e-15,cat,0
235.jpg,datasets_subset\test\235.jpg,0.9999976,dog,1
236.jpg,datasets_subset\test\236.jpg,0.9999988,dog,1
237.jpg,datasets_subset\test\237.jpg,1.0,dog,1
238.jpg,datasets_subset\test\238.jpg,6.1997595e-19,cat,0
239.jpg,datasets_subset\test\239.jpg,1.0,dog,1
24.jpg,datasets_subset\test\24.jpg,9.857451e-14,cat,0
240.jpg,datasets_subset\test\240.jpg,5.278159e-24,cat,0
241.jpg,datasets_subset\test\241.jpg,1.0,dog,1
242.jpg,datasets_subset\test\242.jpg,7.6169915e-09,cat,0
243.jpg,datasets_subset\test\243.jpg,1.0,dog,1
244.jpg,datasets_subset\test\244.jpg,0.9888823,dog,1
245.jpg,datasets_subset\test\245.jpg,0.9999366,dog,1
246.jpg,datasets_subset\test\246.jpg,2.8230436e-22,cat,0
247.jpg,datasets_subset\test\247.jpg,0.99999917,dog,1
248.jpg,datasets_subset\test\248.jpg,4.2958616e-17,cat,0
249.jpg,datasets_subset\test\249.jpg,1.0,dog,1
25.jpg,datasets_subset\test\25.jpg,7.367608e-23,cat,0
250.jpg,datasets_subset\test\250.jpg,0.998424,dog,1
251.jpg,datasets_subset\test\251.jpg,0.99998724,dog,1
252.jpg,datasets_subset\test\252.jpg,1.0,dog,1
253.jpg,datasets_subset\test\253.jpg,2.3308841e-17,cat,0
254.jpg,datasets_subset\test\254.jpg,0.9999998,dog,1
255.jpg,datasets_subset\test\255.jpg,1.0,dog,1
256.jpg,datasets_subset\test\256.jpg,1.0,dog,1
257.jpg,datasets_subset\test\257.jpg,1.0,dog,1
258.jpg,datasets_subset\test\258.jpg,7.655059e-14,cat,0
259.jpg,datasets_subset\test\259.jpg,1.0,dog,1
26.jpg,datasets_subset\test\26.jpg,7.353904e-12,cat,0
260.jpg,datasets_subset\test\260.jpg,8.78445e-19,cat,0
261.jpg,datasets_subset\test\261.jpg,1.0,dog,1
262.jpg,datasets_subset\test\262.jpg,0.9994629,dog,1
263.jpg,datasets_subset\test\263.jpg,1.0,dog,1
264.jpg,datasets_subset\test\264.jpg,0.99999994,dog,1
265.jpg,datasets_subset\test\265.jpg,1.0,dog,1
266.jpg,datasets_subset\test\266.jpg,1.0,dog,1
267.jpg,datasets_subset\test\267.jpg,1.0,dog,1
268.jpg,datasets_subset\test\268.jpg,0.0001910954,cat,0
269.jpg,datasets_subset\test\269.jpg,3.720608e-18,cat,0
27.jpg,datasets_subset\test\27.jpg,1.0,dog,1
270.jpg,datasets_subset\test\270.jpg,1.0,dog,1
271.jpg,datasets_subset\test\271.jpg,7.330855e-15,cat,0
272.jpg,datasets_subset\test\272.jpg,5.1939296e-13,cat,0
273.jpg,datasets_subset\test\273.jpg,8.360376e-14,cat,0
274.jpg,datasets_subset\test\274.jpg,2.3415124e-20,cat,0
275.jpg,datasets_subset\test\275.jpg,5.565904e-23,cat,0
276.jpg,datasets_subset\test\276.jpg,1.0,dog,1
277.jpg,datasets_subset\test\277.jpg,5.2967084e-19,cat,0
278.jpg,datasets_subset\test\278.jpg,1.0,dog,1
279.jpg,datasets_subset\test\279.jpg,6.7255374e-20,cat,0
28.jpg,datasets_subset\test\28.jpg,1.0,dog,1
280.jpg,datasets_subset\test\280.jpg,0.9999977,dog,1
281.jpg,datasets_subset\test\281.jpg,1.0,dog,1
282.jpg,datasets_subset\test\282.jpg,1.0,dog,1
283.jpg,datasets_subset\test\283.jpg,4.7427827e-18,cat,0
284.jpg,datasets_subset\test\284.jpg,1.0,dog,1
285.jpg,datasets_subset\test\285.jpg,1.0,dog,1
286.jpg,datasets_subset\test\286.jpg,1.0,dog,1
287.jpg,datasets_subset\test\287.jpg,5.820778e-20,cat,0
288.jpg,datasets_subset\test\288.jpg,1.0,dog,1
289.jpg,datasets_subset\test\289.jpg,1.0,dog,1
29.jpg,datasets_subset\test\29.jpg,1.0,dog,1
290.jpg,datasets_subset\test\290.jpg,5.490271e-20,cat,0
291.jpg,datasets_subset\test\291.jpg,6.4573975e-08,cat,0
292.jpg,datasets_subset\test\292.jpg,0.9999984,dog,1
293.jpg,datasets_subset\test\293.jpg,0.5397996,dog,1
294.jpg,datasets_subset\test\294.jpg,1.0,dog,1
295.jpg,datasets_subset\test\295.jpg,1.0,dog,1
296.jpg,datasets_subset\test\296.jpg,1.2833094e-13,cat,0
297.jpg,datasets_subset\test\297.jpg,1.0,dog,1
298.jpg,datasets_subset\test\298.jpg,1.0,dog,1
299.jpg,datasets_subset\test\299.jpg,0.99999994,dog,1
3.jpg,datasets_subset\test\3.jpg,3.2956742e-17,cat,0
30.jpg,datasets_subset\test\30.jpg,2.0778421e-07,cat,0
300.jpg,datasets_subset\test\300.jpg,5.1753527e-19,cat,0
301.jpg,datasets_subset\test\301.jpg,1.0,dog,1
302.jpg,datasets_subset\test\302.jpg,1.0,dog,1
303.jpg,datasets_subset\test\303.jpg,1.0,dog,1
304.jpg,datasets_subset\test\304.jpg,2.6857743e-14,cat,0
305.jpg,datasets_subset\test\305.jpg,8.176543e-29,cat,0
306.jpg,datasets_subset\test\306.jpg,1.1101347e-14,cat,0
307.jpg,datasets_subset\test\307.jpg,1.2864301e-19,cat,0
308.jpg,datasets_subset\test\308.jpg,1.0,dog,1
309.jpg,datasets_subset\test\309.jpg,1.0,dog,1
31.jpg,datasets_subset\test\31.jpg,5.340582e-12,cat,0
310.jpg,datasets_subset\test\310.jpg,1.0,dog,1
311.jpg,datasets_subset\test\311.jpg,1.0,dog,1
312.jpg,datasets_subset\test\312.jpg,7.4101947e-16,cat,0
313.jpg,datasets_subset\test\313.jpg,1.0,dog,1
314.jpg,datasets_subset\test\314.jpg,7.018636e-14,cat,0
315.jpg,datasets_subset\test\315.jpg,2.421419e-11,cat,0
316.jpg,datasets_subset\test\316.jpg,3.5134988e-20,cat,0
317.jpg,datasets_subset\test\317.jpg,9.0054976e-07,cat,0
318.jpg,datasets_subset\test\318.jpg,2.661339e-07,cat,0
319.jpg,datasets_subset\test\319.jpg,0.9999919,dog,1
32.jpg,datasets_subset\test\32.jpg,0.99999964,dog,1
320.jpg,datasets_subset\test\320.jpg,1.0,dog,1
321.jpg,datasets_subset\test\321.jpg,0.9999999,dog,1
322.jpg,datasets_subset\test\322.jpg,0.9998931,dog,1
323.jpg,datasets_subset\test\323.jpg,1.0,dog,1
324.jpg,datasets_subset\test\324.jpg,7.7063304e-22,cat,0
325.jpg,datasets_subset\test\325.jpg,0.9999999,dog,1
326.jpg,datasets_subset\test\326.jpg,4.6944154e-26,cat,0
327.jpg,datasets_subset\test\327.jpg,1.6552153e-19,cat,0
328.jpg,datasets_subset\test\328.jpg,0.99999714,dog,1
329.jpg,datasets_subset\test\329.jpg,1.2843623e-17,cat,0
33.jpg,datasets_subset\test\33.jpg,1.0220478e-12,cat,0
330.jpg,datasets_subset\test\330.jpg,2.4343672e-22,cat,0
331.jpg,datasets_subset\test\331.jpg,7.292866e-15,cat,0
332.jpg,datasets_subset\test\332.jpg,1.6498381e-19,cat,0
333.jpg,datasets_subset\test\333.jpg,1.0,dog,1
334.jpg,datasets_subset\test\334.jpg,0.9999998,dog,1
335.jpg,datasets_subset\test\335.jpg,1.0,dog,1
336.jpg,datasets_subset\test\336.jpg,1.0,dog,1
337.jpg,datasets_subset\test\337.jpg,1.0,dog,1
338.jpg,datasets_subset\test\338.jpg,6.69976e-10,cat,0
339.jpg,datasets_subset\test\339.jpg,1.0,dog,1
34.jpg,datasets_subset\test\34.jpg,5.8466186e-19,cat,0
340.jpg,datasets_subset\test\340.jpg,4.326678e-26,cat,0
341.jpg,datasets_subset\test\341.jpg,7.515078e-21,cat,0
342.jpg,datasets_subset\test\342.jpg,4.1100386e-05,cat,0
343.jpg,datasets_subset\test\343.jpg,1.0,dog,1
344.jpg,datasets_subset\test\344.jpg,1.927923e-14,cat,0
345.jpg,datasets_subset\test\345.jpg,1.0,dog,1
346.jpg,datasets_subset\test\346.jpg,0.9999772,dog,1
347.jpg,datasets_subset\test\347.jpg,1.0,dog,1
348.jpg,datasets_subset\test\348.jpg,0.00018947951,cat,0
349.jpg,datasets_subset\test\349.jpg,1.5024794e-10,cat,0
35.jpg,datasets_subset\test\35.jpg,0.99999994,dog,1
350.jpg,datasets_subset\test\350.jpg,1.0,dog,1
351.jpg,datasets_subset\test\351.jpg,5.679425e-24,cat,0
352.jpg,datasets_subset\test\352.jpg,1.0,dog,1
353.jpg,datasets_subset\test\353.jpg,1.0,dog,1
354.jpg,datasets_subset\test\354.jpg,0.9999999,dog,1
355.jpg,datasets_subset\test\355.jpg,2.6553206e-17,cat,0
356.jpg,datasets_subset\test\356.jpg,3.603169e-17,cat,0
357.jpg,datasets_subset\test\357.jpg,1.0,dog,1
358.jpg,datasets_subset\test\358.jpg,8.4137455e-13,cat,0
359.jpg,datasets_subset\test\359.jpg,3.2330836e-09,cat,0
36.jpg,datasets_subset\test\36.jpg,1.0,dog,1
360.jpg,datasets_subset\test\360.jpg,7.958315e-18,cat,0
361.jpg,datasets_subset\test\361.jpg,4.237565e-15,cat,0
362.jpg,datasets_subset\test\362.jpg,1.0,dog,1
363.jpg,datasets_subset\test\363.jpg,2.1129056e-19,cat,0
364.jpg,datasets_subset\test\364.jpg,1.0969035e-15,cat,0
365.jpg,datasets_subset\test\365.jpg,1.0,dog,1
366.jpg,datasets_subset\test\366.jpg,1.0,dog,1
367.jpg,datasets_subset\test\367.jpg,3.5148995e-16,cat,0
368.jpg,datasets_subset\test\368.jpg,0.32703948,cat,0
369.jpg,datasets_subset\test\369.jpg,1.6056382e-13,cat,0
37.jpg,datasets_subset\test\37.jpg,2.6263803e-23,cat,0
370.jpg,datasets_subset\test\370.jpg,1.0,dog,1
371.jpg,datasets_subset\test\371.jpg,1.0,dog,1
372.jpg,datasets_subset\test\372.jpg,1.0,dog,1
373.jpg,datasets_subset\test\373.jpg,1.0,dog,1
374.jpg,datasets_subset\test\374.jpg,0.012518914,cat,0
375.jpg,datasets_subset\test\375.jpg,0.9968369,dog,1
376.jpg,datasets_subset\test\376.jpg,4.829657e-12,cat,0
377.jpg,datasets_subset\test\377.jpg,1.0,dog,1
378.jpg,datasets_subset\test\378.jpg,1.0,dog,1
379.jpg,datasets_subset\test\379.jpg,3.143003e-25,cat,0
38.jpg,datasets_subset\test\38.jpg,1.0,dog,1
380.jpg,datasets_subset\test\380.jpg,1.0,dog,1
381.jpg,datasets_subset\test\381.jpg,4.7097804e-29,cat,0
382.jpg,datasets_subset\test\382.jpg,2.2713737e-23,cat,0
383.jpg,datasets_subset\test\383.jpg,1.7201875e-14,cat,0
384.jpg,datasets_subset\test\384.jpg,1.0,dog,1
385.jpg,datasets_subset\test\385.jpg,2.5056963e-17,cat,0
386.jpg,datasets_subset\test\386.jpg,1.0,dog,1
387.jpg,datasets_subset\test\387.jpg,1.0,dog,1
388.jpg,datasets_subset\test\388.jpg,1.0,dog,1
389.jpg,datasets_subset\test\389.jpg,0.99999976,dog,1
39.jpg,datasets_subset\test\39.jpg,1.0532414e-11,cat,0
390.jpg,datasets_subset\test\390.jpg,1.6854495e-14,cat,0
391.jpg,datasets_subset\test\391.jpg,1.0,dog,1
392.jpg,datasets_subset\test\392.jpg,1.4379279e-19,cat,0
393.jpg,datasets_subset\test\393.jpg,1.0,dog,1
394.jpg,datasets_subset\test\394.jpg,1.0015004e-07,cat,0
395.jpg,datasets_subset\test\395.jpg,7.0113587e-10,cat,0
396.jpg,datasets_subset\test\396.jpg,2.619958e-10,cat,0
397.jpg,datasets_subset\test\397.jpg,0.000186316,cat,0
398.jpg,datasets_subset\test\398.jpg,5.956632e-20,cat,0
399.jpg,datasets_subset\test\399.jpg,6.9160044e-22,cat,0
4.jpg,datasets_subset\test\4.jpg,1.0,dog,1
40.jpg,datasets_subset\test\40.jpg,1.3745824e-22,cat,0
400.jpg,datasets_subset\test\400.jpg,1.6184563e-29,cat,0
401.jpg,datasets_subset\test\401.jpg,1.0,dog,1
402.jpg,datasets_subset\test\402.jpg,8.7884677e-20,cat,0
403.jpg,datasets_subset\test\403.jpg,3.6427366e-05,cat,0
404.jpg,datasets_subset\test\404.jpg,1.0,dog,1
405.jpg,datasets_subset\test\405.jpg,2.6671318e-21,cat,0
406.jpg,datasets_subset\test\406.jpg,2.3051077e-14,cat,0
407.jpg,datasets_subset\test\407.jpg,0.3978346,cat,0
408.jpg,datasets_subset\test\408.jpg,1.0,dog,1
409.jpg,datasets_subset\test\409.jpg,1.0,dog,1
41.jpg,datasets_subset\test\41.jpg,1.0,dog,1
410.jpg,datasets_subset\test\410.jpg,3.5292607e-17,cat,0
411.jpg,datasets_subset\test\411.jpg,3.2318377e-07,cat,0
412.jpg,datasets_subset\test\412.jpg,3.067883e-21,cat,0
413.jpg,datasets_subset\test\413.jpg,3.4490122e-09,cat,0
414.jpg,datasets_subset\test\414.jpg,1.0,dog,1
415.jpg,datasets_subset\test\415.jpg,3.9872481e-25,cat,0
416.jpg,datasets_subset\test\416.jpg,5.1571067e-18,cat,0
417.jpg,datasets_subset\test\417.jpg,1.6249173e-18,cat,0
418.jpg,datasets_subset\test\418.jpg,1.0,dog,1
419.jpg,datasets_subset\test\419.jpg,1.2503916e-16,cat,0
42.jpg,datasets_subset\test\42.jpg,1.0,dog,1
420.jpg,datasets_subset\test\420.jpg,8.2679383e-22,cat,0
421.jpg,datasets_subset\test\421.jpg,1.0,dog,1
422.jpg,datasets_subset\test\422.jpg,1.4195671e-14,cat,0
423.jpg,datasets_subset\test\423.jpg,1.0,dog,1
424.jpg,datasets_subset\test\424.jpg,1.0,dog,1
425.jpg,datasets_subset\test\425.jpg,1.0,dog,1
426.jpg,datasets_subset\test\426.jpg,1.0,dog,1
427.jpg,datasets_subset\test\427.jpg,3.185271e-14,cat,0
428.jpg,datasets_subset\test\428.jpg,1.6991079e-12,cat,0
429.jpg,datasets_subset\test\429.jpg,1.0,dog,1
43.jpg,datasets_subset\test\43.jpg,6.1002425e-19,cat,0
430.jpg,datasets_subset\test\430.jpg,1.0,dog,1
431.jpg,datasets_subset\test\431.jpg,1.0,dog,1
432.jpg,datasets_subset\test\432.jpg,2.9005685e-12,cat,0
433.jpg,datasets_subset\test\433.jpg,3.5350238e-19,cat,0
434.jpg,datasets_subset\test\434.jpg,2.7139014e-21,cat,0
435.jpg,datasets_subset\test\435.jpg,5.5331445e-19,cat,0
436.jpg,datasets_subset\test\436.jpg,3.940079e-11,cat,0
437.jpg,datasets_subset\test\437.jpg,1.1995813e-11,cat,0
438.jpg,datasets_subset\test\438.jpg,1.0,dog,1
439.jpg,datasets_subset\test\439.jpg,6.0545973e-18,cat,0
44.jpg,datasets_subset\test\44.jpg,0.99999994,dog,1
440.jpg,datasets_subset\test\440.jpg,1.0,dog,1
441.jpg,datasets_subset\test\441.jpg,2.3238908e-15,cat,0
442.jpg,datasets_subset\test\442.jpg,1.0,dog,1
443.jpg,datasets_subset\test\443.jpg,8.266504e-18,cat,0
444.jpg,datasets_subset\test\444.jpg,6.758922e-20,cat,0
445.jpg,datasets_subset\test\445.jpg,3.631688e-19,cat,0
446.jpg,datasets_subset\test\446.jpg,1.0,dog,1
447.jpg,datasets_subset\test\447.jpg,2.9667754e-21,cat,0
448.jpg,datasets_subset\test\448.jpg,1.0,dog,1
449.jpg,datasets_subset\test\449.jpg,1.0,dog,1
45.jpg,datasets_subset\test\45.jpg,1.0469382e-07,cat,0
450.jpg,datasets_subset\test\450.jpg,1.4286053e-12,cat,0
451.jpg,datasets_subset\test\451.jpg,1.0,dog,1
452.jpg,datasets_subset\test\452.jpg,1.0,dog,1
453.jpg,datasets_subset\test\453.jpg,1.4054856e-09,cat,0
454.jpg,datasets_subset\test\454.jpg,1.0,dog,1
455.jpg,datasets_subset\test\455.jpg,1.0,dog,1
456.jpg,datasets_subset\test\456.jpg,1.3006175e-25,cat,0
457.jpg,datasets_subset\test\457.jpg,3.8032895e-20,cat,0
458.jpg,datasets_subset\test\458.jpg,1.0,dog,1
459.jpg,datasets_subset\test\459.jpg,1.0,dog,1
46.jpg,datasets_subset\test\46.jpg,0.884395,dog,1
460.jpg,datasets_subset\test\460.jpg,1.0,dog,1
461.jpg,datasets_subset\test\461.jpg,1.6176743e-19,cat,0
462.jpg,datasets_subset\test\462.jpg,1.4471672e-19,cat,0
463.jpg,datasets_subset\test\463.jpg,3.6308778e-23,cat,0
464.jpg,datasets_subset\test\464.jpg,0.9999913,dog,1
465.jpg,datasets_subset\test\465.jpg,0.99975955,dog,1
466.jpg,datasets_subset\test\466.jpg,1.0,dog,1
467.jpg,datasets_subset\test\467.jpg,1.0,dog,1
468.jpg,datasets_subset\test\468.jpg,4.0167684e-20,cat,0
469.jpg,datasets_subset\test\469.jpg,1.0,dog,1
47.jpg,datasets_subset\test\47.jpg,0.5085124,dog,1
470.jpg,datasets_subset\test\470.jpg,1.0,dog,1
471.jpg,datasets_subset\test\471.jpg,1.0,dog,1
472.jpg,datasets_subset\test\472.jpg,1.0,dog,1
473.jpg,datasets_subset\test\473.jpg,1.0,dog,1
474.jpg,datasets_subset\test\474.jpg,1.0,dog,1
475.jpg,datasets_subset\test\475.jpg,4.535992e-05,cat,0
476.jpg,datasets_subset\test\476.jpg,1.0,dog,1
477.jpg,datasets_subset\test\477.jpg,1.1748305e-18,cat,0
478.jpg,datasets_subset\test\478.jpg,1.2432011e-15,cat,0
479.jpg,datasets_subset\test\479.jpg,2.120906e-21,cat,0
48.jpg,datasets_subset\test\48.jpg,1.0272244e-09,cat,0
480.jpg,datasets_subset\test\480.jpg,1.5952012e-10,cat,0
481.jpg,datasets_subset\test\481.jpg,5.3750196e-16,cat,0
482.jpg,datasets_subset\test\482.jpg,3.5897105e-13,cat,0
483.jpg,datasets_subset\test\483.jpg,8.32468e-15,cat,0
484.jpg,datasets_subset\test\484.jpg,3.3408617e-18,cat,0
485.jpg,datasets_subset\test\485.jpg,1.0,dog,1
486.jpg,datasets_subset\test\486.jpg,5.641495e-21,cat,0
487.jpg,datasets_subset\test\487.jpg,1.4050927e-15,cat,0
488.jpg,datasets_subset\test\488.jpg,5.1196484e-14,cat,0
489.jpg,datasets_subset\test\489.jpg,1.0,dog,1
49.jpg,datasets_subset\test\49.jpg,0.07123734,cat,0
490.jpg,datasets_subset\test\490.jpg,2.1035914e-06,cat,0
491.jpg,datasets_subset\test\491.jpg,0.99999994,dog,1
492.jpg,datasets_subset\test\492.jpg,1.0,dog,1
493.jpg,datasets_subset\test\493.jpg,6.428063e-20,cat,0
494.jpg,datasets_subset\test\494.jpg,1.0,dog,1
495.jpg,datasets_subset\test\495.jpg,1.0,dog,1
496.jpg,datasets_subset\test\496.jpg,5.475709e-07,cat,0
497.jpg,datasets_subset\test\497.jpg,3.2936458e-20,cat,0
498.jpg,datasets_subset\test\498.jpg,2.0901e-14,cat,0
499.jpg,datasets_subset\test\499.jpg,6.137151e-17,cat,0
5.jpg,datasets_subset\test\5.jpg,1.0,dog,1
50.jpg,datasets_subset\test\50.jpg,0.99997437,dog,1
500.jpg,datasets_subset\test\500.jpg,1.0,dog,1
51.jpg,datasets_subset\test\51.jpg,0.99999976,dog,1
52.jpg,datasets_subset\test\52.jpg,0.99999994,dog,1
53.jpg,datasets_subset\test\53.jpg,1.0,dog,1
54.jpg,datasets_subset\test\54.jpg,8.662053e-21,cat,0
55.jpg,datasets_subset\test\55.jpg,6.119147e-18,cat,0
56.jpg,datasets_subset\test\56.jpg,1.0,dog,1
57.jpg,datasets_subset\test\57.jpg,2.2743275e-14,cat,0
58.jpg,datasets_subset\test\58.jpg,3.984327e-18,cat,0
59.jpg,datasets_subset\test\59.jpg,1.0,dog,1
6.jpg,datasets_subset\test\6.jpg,0.00040242364,cat,0
60.jpg,datasets_subset\test\60.jpg,9.209593e-22,cat,0
61.jpg,datasets_subset\test\61.jpg,1.8567426e-12,cat,0
62.jpg,datasets_subset\test\62.jpg,1.4935851e-17,cat,0
63.jpg,datasets_subset\test\63.jpg,1.0,dog,1
64.jpg,datasets_subset\test\64.jpg,1.0,dog,1
65.jpg,datasets_subset\test\65.jpg,5.18404e-14,cat,0
66.jpg,datasets_subset\test\66.jpg,1.0,dog,1
67.jpg,datasets_subset\test\67.jpg,1.0,dog,1
68.jpg,datasets_subset\test\68.jpg,1.0,dog,1
69.jpg,datasets_subset\test\69.jpg,7.012166e-16,cat,0
7.jpg,datasets_subset\test\7.jpg,1.0,dog,1
70.jpg,datasets_subset\test\70.jpg,1.0,dog,1
71.jpg,datasets_subset\test\71.jpg,1.0,dog,1
72.jpg,datasets_subset\test\72.jpg,1.10166746e-11,cat,0
73.jpg,datasets_subset\test\73.jpg,9.435717e-13,cat,0
74.jpg,datasets_subset\test\74.jpg,1.6977358e-18,cat,0
75.jpg,datasets_subset\test\75.jpg,1.0,dog,1
76.jpg,datasets_subset\test\76.jpg,1.0,dog,1
77.jpg,datasets_subset\test\77.jpg,6.432888e-11,cat,0
78.jpg,datasets_subset\test\78.jpg,1.6370247e-14,cat,0
79.jpg,datasets_subset\test\79.jpg,6.2915078e-27,cat,0
8.jpg,datasets_subset\test\8.jpg,1.0,dog,1
80.jpg,datasets_subset\test\80.jpg,3.3519662e-19,cat,0
81.jpg,datasets_subset\test\81.jpg,1.0,dog,1
82.jpg,datasets_subset\test\82.jpg,1.0,dog,1
83.jpg,datasets_subset\test\83.jpg,1.0,dog,1
84.jpg,datasets_subset\test\84.jpg,7.28209e-20,cat,0
85.jpg,datasets_subset\test\85.jpg,2.2607873e-28,cat,0
86.jpg,datasets_subset\test\86.jpg,2.5810578e-17,cat,0
87.jpg,datasets_subset\test\87.jpg,1.0,dog,1
88.jpg,datasets_subset\test\88.jpg,1.0,dog,1
89.jpg,datasets_subset\test\89.jpg,1.0,dog,1
9.jpg,datasets_subset\test\9.jpg,0.99999976,dog,1
90.jpg,datasets_subset\test\90.jpg,5.170408e-12,cat,0
91.jpg,datasets_subset\test\91.jpg,4.062646e-19,cat,0
92.jpg,datasets_subset\test\92.jpg,7.14553e-17,cat,0
93.jpg,datasets_subset\test\93.jpg,1.0,dog,1
94.jpg,datasets_subset\test\94.jpg,1.0,dog,1
95.jpg,datasets_subset\test\95.jpg,1.0,dog,1
96.jpg,datasets_subset\test\96.jpg,1.0,dog,1
97.jpg,datasets_subset\test\97.jpg,0.99999934,dog,1
98.jpg,datasets_subset\test\98.jpg,5.14213e-21,cat,0
99.jpg,datasets_subset\test\99.jpg,3.0959137e-19,cat,0
